Square_ID,target
test_2,0.9893021679246299
test_3,0.9777010535754869
test_4,0.9601357286202542
test_8,0.6672643701931509
test_9,0.9482797993948928
test_10,0.9858409135354351
test_11,0.9499924989305781
test_14,0.9695477121904076
test_16,0.9866848169155259
test_19,0.8988252638881512
test_20,0.9682563427712361
test_22,0.9242676937125325
test_23,0.9726029550362728
test_24,0.9710466542077559
test_26,0.9650238923019923
test_27,0.9712044415268363
test_28,0.9779929029692128
test_30,0.9703048291387556
test_33,0.9450617053629408
test_34,0.9691875124770111
test_35,0.9440278985194381
test_36,0.9648550891542039
test_37,0.976280089151867
test_40,0.977832568884084
test_41,0.9696022051781168
test_42,0.9588137312330051
test_43,0.9910239018819959
test_44,0.956886653754404
test_45,0.8932970781317509
test_46,0.9693918317697152
test_48,0.9705560695745742
test_49,0.9596628219807377
test_51,0.9860144542962808
test_52,0.9654110146453232
test_53,0.9012808682534961
test_54,0.6883222459803203
test_55,0.9735650968950781
test_56,0.9706608094285164
test_58,0.9701074567036443
test_59,0.9573483524571677
test_63,0.9457260211572039
test_64,0.956624318237179
test_65,0.9643202258247414
test_66,0.5546509261788212
test_67,0.9724812607742672
test_69,0.9781130321372469
test_70,0.963808202609524
test_71,0.9747262157902381
test_72,0.9831400128728829
test_75,0.9737225600284082
test_76,0.9798473279082673
test_78,0.966818815230285
test_80,0.9664298680594542
test_81,0.9391001110164119
test_83,0.9824625737091254
test_85,0.9781122551457412
test_90,0.9753536172478546
test_92,0.9720416945247885
test_93,0.9754008140669449
test_94,0.9462684399846982
test_95,0.9544533096466498
test_96,0.9740268318681928
test_97,0.9747099992321161
test_98,0.9550476269899719
test_101,0.9762391199876115
test_102,0.5779328548580968
test_103,0.9721094707604424
test_105,0.9298057413583393
test_106,0.981958727347443
test_107,0.9739497951216582
test_108,0.9706851073837328
test_109,0.9674733419140109
test_110,0.9766680666665736
test_111,0.9790191152037228
test_112,0.9889579902807166
test_115,0.9853786928019246
test_116,0.9745932510107271
test_119,0.9501859605591051
test_120,0.9783763610291155
test_123,0.966293530024857
test_124,0.9449821767629933
test_125,0.39353384307818823
test_126,0.9842256860842863
test_127,0.9736184980946007
test_130,0.9646924703079819
test_132,0.9723134687445332
test_133,0.9732150161902534
test_134,0.9657681719477111
test_136,0.9768239652126312
test_137,0.9722470760524246
test_138,0.9457343111068416
test_140,0.9108846972965439
test_141,0.9798940570460153
test_142,0.9709144856690584
test_143,0.9727011562267707
test_145,0.9679990517292932
test_146,0.9579177745231566
test_147,0.9629543559627156
test_148,0.9771056842905932
test_149,0.959393631054288
test_150,0.9724532611101406
test_151,0.9769701286638044
test_153,0.999985942762299
test_154,0.9547606285927389
test_157,0.9664163812812147
test_158,0.9651637163145779
test_160,0.9741848009654985
test_163,0.9680533104282879
test_165,0.9787672611095873
test_167,0.9586237177981111
test_168,0.9749723232153713
test_169,0.9620366646634715
test_170,0.9642434821981487
test_171,0.8876491782916142
test_172,0.9742369518264626
test_173,0.9595707667100885
test_174,0.5872618165898057
test_175,0.982674307322362
test_176,0.9596665584295935
test_177,0.9620920065376257
test_178,0.969951886307219
test_179,0.9493869863703552
test_181,0.9423584792834948
test_184,0.05783617020987766
test_186,0.9972754855146669
test_188,0.9707156913254256
test_189,0.9632231179172017
test_190,0.9644051519601261
test_192,0.946458705818858
test_193,0.9718382641564351
test_195,0.9728047955169639
test_196,0.99249937747272
test_197,0.9597014359269509
test_198,0.919107208662037
test_201,0.9653881753839623
test_202,0.9674303177744658
test_203,0.947331911486081
test_208,0.5899075852048322
test_209,0.9761127824674755
test_210,0.9712374723210633
test_211,0.8181300063807078
test_212,0.9666283836607189
test_213,0.061099027268351695
test_214,0.5789025573943162
test_215,0.9965393328844473
test_216,0.9766802115879357
test_218,0.9881887053057455
test_219,0.9626415859912366
test_220,0.9704899153907247
test_221,0.9741298666459379
test_222,0.9776905943565939
test_223,0.985221432858138
test_224,0.9964432907279949
test_226,0.968402720504565
test_227,0.9306282047595275
test_229,0.9921315659289102
test_231,0.8526530832043625
test_232,0.9880421252481969
test_233,0.974386513247214
test_234,0.9672655298812384
test_236,0.9753469076166752
test_238,0.9506643954087232
test_240,0.9516158870147422
test_241,0.9728136807938952
test_242,0.9749017489502323
test_243,0.9817488902734235
test_244,0.9666423011258107
test_245,0.9555692195608028
test_250,0.9039995529164763
test_251,0.9686238159399401
test_252,0.9624489164850448
test_253,0.9960504378318542
test_254,0.9773757171753013
test_256,0.9935922957520128
test_258,0.980822334864938
test_259,0.9652933496457494
test_260,0.9515074536532145
test_261,0.9500700598849188
test_263,0.9756420108448963
test_264,0.990617753809099
test_266,0.9710456983331561
test_267,0.9951925636355405
test_268,0.7134001994230691
test_269,0.9729534777676229
test_270,0.9848151205738112
test_272,0.9668968890479217
test_273,0.8366839775053078
test_275,0.9775891390388498
test_276,0.9731098978854987
test_277,0.9736619130738323
test_279,0.9651172956680735
test_281,0.9686768989473542
test_282,0.9777215025341712
test_283,0.9557282087734171
test_284,0.5283159282287823
test_285,0.5227842729593258
test_286,0.9163550047794191
test_289,0.9521563470363206
test_290,0.9901291733084467
test_291,0.9685016592606168
test_302,0.9711906893668638
test_303,0.9719326101034793
test_304,0.9628454636909695
test_306,0.9620408221195845
test_308,0.9779590240329982
test_309,0.9373609699736003
test_310,0.9698592632396703
test_311,0.95837938817371
test_312,0.9827123971527639
test_313,0.966433933641514
test_316,0.7424750567353166
test_318,0.9714263629507796
test_319,0.6825029087709541
test_321,0.9703330488387761
test_330,0.9724065369359491
test_331,0.9600070141449377
test_334,0.9742904276276348
test_335,0.9719924109783638
test_337,0.9744411188752116
test_338,0.9418479752025403
test_339,0.9805830657747587
test_340,0.9515387923515533
test_342,0.9686319930335417
test_344,0.980122807601951
test_345,0.9668487388663178
test_346,0.9721038228767099
test_347,0.9750254454348007
test_348,0.9670217514498539
test_349,0.9731310046074311
test_350,0.9580756005228652
test_351,0.6691152120634454
test_352,0.9888775287670658
test_353,0.9597240474431757
test_354,0.767153286779786
test_356,0.9708362308748888
test_359,0.9961340717057356
test_360,0.9570648696713075
test_361,0.9588843611800604
test_363,0.9794016640432601
test_365,0.9815132874434556
test_366,0.9729687639573324
test_367,0.9772795397321031
test_368,0.990839312086784
test_369,0.9708229554358481
test_371,0.9723027391342502
test_372,0.9552658493907257
test_373,0.9714228493293314
test_375,0.9660181311187425
test_378,0.9001409163365844
test_380,0.966201148072564
test_381,0.9622890780087844
test_383,0.9874450613475889
test_384,0.9547197122609438
test_385,0.9765120533698008
test_386,0.9664744829658777
test_388,0.9807849489148408
test_389,0.9744273522699245
test_390,0.9633070269906338
test_393,0.8705506384143172
test_394,0.9819323166605308
test_395,0.9742775072716927
test_396,0.9694405993141119
test_397,0.9866064052981093
test_398,0.9176520495951609
test_401,0.9209875893352272
test_402,0.9553105011402241
test_403,0.9691977436555302
test_406,0.9999875051018899
test_407,0.9754950219824189
test_410,0.969980938454595
test_411,0.9734925484246355
test_412,0.9757800412509493
test_413,0.9653204727633867
test_414,0.9681882886424918
test_416,0.9676598868404288
test_417,0.9568217942948298
test_418,0.929300719417046
test_419,0.9120162229376858
test_420,0.9765834156335059
test_421,0.9725319299258146
test_423,0.9912647275486717
test_424,0.6868795031817848
test_426,0.9495117056524379
test_428,0.9652344065800109
test_429,0.9734766292146301
test_430,0.9765648834450975
test_431,0.9919792081500952
test_432,0.9681725421149424
test_435,0.9661302172539766
test_436,0.956421305489262
test_437,0.9735322681951906
test_438,0.966754634838423
test_441,0.9925734829899769
test_442,0.9800645321605577
test_444,0.9853537749856848
test_445,0.9740789722067332
test_446,0.9756780784543428
test_447,0.9694987771166633
test_448,0.9760010464500666
test_449,0.9695357217952513
test_450,0.9702134558021148
test_452,0.9831047336549824
test_453,0.9598719382935847
test_454,0.9443253776851366
test_455,0.9860245051624841
test_456,0.9780707401154503
test_457,0.9691688812200907
test_458,0.9795627667924456
test_459,0.9655610806763212
test_461,0.9754221802460163
test_463,0.9731418045194027
test_464,0.8938204958233633
test_465,0.9693855044141649
test_466,0.9924973573672208
test_467,0.9862825697000026
test_470,0.9726214811806766
test_471,0.9722813925000107
test_473,0.9756046692606212
test_474,0.8508279888235222
test_475,0.9742432845648731
test_476,0.5524578817377848
test_477,0.9679726378815187
test_478,0.958658665808665
test_479,0.9670838476745742
test_481,0.9613087388072383
test_482,0.9690857786361629
test_483,0.919870037443551
test_484,0.9568893930481003
test_485,0.9565556026490689
test_486,0.9841705617945836
test_487,0.9809026868509652
test_488,0.9802861159270606
test_489,0.979302590131701
test_490,0.9463292811591946
test_491,0.5828211598209959
test_492,0.956215937090291
test_494,0.9796403028799261
test_496,0.9506672243342651
test_497,0.896217629533924
test_498,0.9741118149962606
test_499,0.004683962744776403
test_500,0.9375066695444093
test_501,0.9644046478787364
test_502,0.9488252417558447
test_504,0.00040600408940158635
test_505,0.9740961449230581
test_507,0.9576044426157135
test_508,0.9497289146962901
test_509,0.973932158258329
test_510,0.9753581271688504
test_511,0.9721087747679029
test_512,0.963808202609524
test_513,0.9666428843286026
test_516,0.9162927932422198
test_517,0.9777481645865589
test_518,0.951984185906668
test_520,0.9579296186879932
test_521,0.9999816677382143
test_524,0.9659672930863054
test_525,0.9826836597520867
test_526,0.9662337454697181
test_527,0.9812322430596105
test_530,0.9750276608768204
test_533,0.9684948000389131
test_534,0.9516045702482337
test_535,0.9800278737938741
test_536,0.8956310439991344
test_537,0.9397538417664266
test_539,0.959068597455495
test_540,0.960420667521565
test_542,0.953827477600853
test_544,0.9621292644495041
test_548,0.9741100589289151
test_550,0.9755112569817265
test_551,0.9843562211755337
test_552,0.9709926119147467
test_554,0.9668350435493686
test_555,0.9858248705396083
test_557,0.9660239155973023
test_560,0.9585131875665398
test_561,0.9709763343530925
test_562,0.9630375854713361
test_563,0.9702636434088692
test_565,0.8115765550998216
test_568,0.9755154096584059
test_569,0.9925670355610957
test_570,0.9836759978014269
test_571,0.9656124106814463
test_572,0.9485511361486706
test_573,0.919631618558321
test_574,0.9829101254516056
test_575,0.9706993482671816
test_576,0.9623132399439395
test_579,0.977376665948846
test_580,0.9721371090762394
test_581,0.9527827532137196
test_582,0.9724751074876826
test_583,0.9823053032854606
test_585,0.974396505994465
test_586,0.9781686812090051
test_587,0.9684029014033555
test_590,0.8657081070777277
test_591,0.9488431604296695
test_593,0.9674420020801558
test_595,0.9999848778271633
test_596,0.9805627653193868
test_597,0.9954604046490383
test_598,0.9710546318570645
test_599,0.9754779825729902
test_600,0.9630472159852755
test_601,0.9674335514405242
test_602,0.8912568951942463
test_603,0.9704622127384791
test_604,0.9575610799406148
test_605,0.9923899636990968
test_606,0.9718803252069568
test_607,0.9734574430520433
test_608,0.9694133394688828
test_609,0.9742328051152895
test_610,0.9627214779627592
test_613,0.9634133857985453
test_614,0.96807744437426
test_615,0.9533805464211577
test_616,0.9512663307362795
test_617,0.9759586161031648
test_619,0.954912678567397
test_620,0.9719626899019604
test_622,0.9488465701074156
test_625,0.9724143047536451
test_626,0.6343763918430059
test_627,0.994312650074014
test_628,0.5
test_629,0.9759378471281008
test_631,0.9870727409855665
test_632,0.9925947083123475
test_634,0.9818270427933693
test_635,0.9725244328709852
test_637,0.7476726736020628
test_638,0.9654320702475094
test_639,0.9409804416573896
test_640,0.9713621289299481
test_641,0.9912607861126196
test_642,0.9606670550612013
test_644,0.9479810575426361
test_645,0.971566861541366
test_647,0.9676382271050801
test_648,0.036853307941370525
test_649,0.9836103526275831
test_650,0.9790684238815673
test_651,0.9499823514023639
test_653,0.9633869137018647
test_655,0.8307053781315787
test_656,0.94906657988719
test_657,0.9926971813360758
test_658,0.9615342752089323
test_659,0.966673072725473
test_661,0.9193764110936542
test_662,0.9910967576169066
test_664,0.789469865738486
test_667,0.9637680871973165
test_669,0.9819622930324682
test_672,0.9662169434010642
test_674,0.9732835442827827
test_675,0.9860769055349708
test_676,0.993342521435344
test_677,0.977120898625896
test_679,0.9339841508174845
test_680,0.9870155003567237
test_681,0.9864559499838526
test_682,0.9895764395040014
test_688,0.9734163481001463
test_689,0.9634200108404999
test_690,0.9781779052634808
test_691,0.9479900151925601
test_693,0.9751427570720301
test_695,0.9393216641686305
test_696,0.9262243628460781
test_697,0.9810260197028586
test_698,0.7734025666968282
test_699,0.7700029239714989
test_701,0.9805388474756046
test_703,0.7456261197571893
test_704,0.9842666564488819
test_705,0.9684402551533218
test_706,0.9749110357615294
test_709,0.9684344252264341
test_711,0.9391959376941365
test_713,0.9437001293979781
test_714,0.9716507594794823
test_715,0.9873601906232713
test_716,0.8900462352131079
test_717,0.9636219297355578
test_718,0.9497897798605817
test_719,0.9626803347774892
test_722,0.9785195036952179
test_723,0.9755309483442457
test_724,0.9726020761947343
test_726,0.9515734609237799
test_727,0.9662489204596926
test_732,0.9463991332455994
test_734,0.9322569483018123
test_735,0.964678739583628
test_736,0.97043678063367
test_738,0.975381527666203
test_739,0.9701457229188339
test_740,0.9765603547253144
test_741,0.9688098216542763
test_743,0.9634155436294591
test_744,0.9762106616026692
test_746,0.9562517448145458
test_748,0.9798942855846977
test_749,0.7861753304049073
test_751,0.9552806388042497
test_752,0.9931531765373935
test_754,0.9647295551309446
test_755,0.9660025425951237
test_756,0.9847307244486171
test_757,0.9682839383436508
test_758,0.9735364540088508
test_760,0.9724645597963325
test_761,0.9799302201668569
test_762,0.9954535337131817
test_766,0.9843925941275881
test_767,0.9723613923825862
test_768,0.0756295422528653
test_771,0.9810188425701639
test_772,0.9678658087403822
test_773,0.5729404743396886
test_776,0.9712641932569256
test_777,0.9848652648818569
test_778,0.993632108356918
test_780,0.966897268582228
test_782,0.9765750801961545
test_784,0.9637941566838653
test_785,0.9792733976003659
test_786,0.9742836314539302
test_789,0.9598751332631624
test_790,0.9552876803146091
test_791,0.9761013539530787
test_792,0.9719276748318944
test_793,0.9745885207430947
test_794,0.978553707838387
test_795,0.9566558839729372
test_797,0.9798823254027229
test_802,0.9895311022528356
test_803,0.9458848275794
test_806,0.9519492854430066
test_807,0.9578116567046399
test_808,0.9569349588271344
test_809,0.9084533174413176
test_810,0.9512729415343275
test_811,0.973096947911076
test_813,0.9896285072198957
test_814,0.9153107162080467
test_815,0.9616297212988567
test_817,0.9631648792216897
test_818,0.9871460933620673
test_819,0.9708656346628673
test_820,0.9309754699372351
test_821,0.9738533343664446
test_826,0.9634571099168822
test_827,0.9589020182984864
test_828,0.979818908116436
test_832,0.9734819950923425
test_835,0.9747542154663604
test_837,0.9693341403622097
test_838,0.9136208296863878
test_840,0.9408921209808896
test_841,0.9814263996556742
test_843,0.9348655501284654
test_844,0.9886970146556784
test_848,0.9900099339644968
test_849,0.9689284583603561
test_850,0.9722237738144833
test_851,0.9268465391369699
test_852,0.9568454381167621
test_853,0.9968448773061359
test_854,0.9678188421197428
test_856,0.9802556671776984
test_857,0.6131857484773147
test_860,0.8399403818506083
test_861,0.9759962785989662
test_862,0.9680421556491685
test_863,0.6183555564941235
test_864,0.9655880800188352
test_865,0.9821070736765849
test_867,0.9414230944411106
test_868,0.9733821572954984
test_870,0.9708492735184256
test_871,0.9744474276346756
test_873,0.9320103126610859
test_876,0.9578257167266806
test_879,0.9740637033335906
test_880,0.9773579453861069
test_881,0.9328417997358449
test_883,0.9719390301390338
test_884,0.9951229361531994
test_885,0.9778227135008742
test_886,0.9774388233228505
test_887,0.9731373665772356
test_890,0.9630172677646032
test_891,0.9757873326581901
test_892,0.9762525507973449
test_893,0.9789334817449191
test_895,0.972032422713913
test_897,0.9655911009818591
test_898,0.9614213828299198
test_899,0.9817332093045923
test_900,0.9712963403129167
test_901,0.963459979173269
test_902,0.0910675405853786
test_903,0.9729339761723768
test_904,0.9461598588126388
test_905,0.9854661064237547
test_908,0.9703519547881064
test_910,0.9830984900269001
test_911,0.9634292959393201
test_912,0.9547413424753529
test_913,0.9555720544423699
test_916,0.9751735447735285
test_917,0.6538883075366402
test_919,0.9684134824397808
test_920,0.9588744634282413
test_921,0.9890614843449202
test_922,0.9825763009323492
test_924,0.9778492752799011
test_925,0.9621465859372537
test_926,0.9820714549997552
test_927,0.9747186927813412
test_929,0.9785906819807646
test_930,0.9972805499013702
test_931,0.9847672846127594
test_932,0.9735623139176546
test_933,0.9678561153935312
test_935,0.8413874521886138
test_937,0.959100053469703
test_939,0.9721319557689713
test_940,0.9699553444516851
test_942,0.9787507062760171
test_943,0.9764127895032685
test_944,0.9904405537781276
test_947,0.9512761727093073
test_949,0.9666401971667528
test_950,0.9747528243864647
test_951,0.9782143481415173
test_952,0.9709681363828934
test_953,0.7249158919723734
test_955,0.9727384870123819
test_956,0.9845962562413826
test_957,0.9850500877524679
test_960,0.7751827546644274
test_961,0.9638771840318714
test_963,0.9783791555441265
test_964,0.9720868821825878
test_965,0.9749174129471007
test_968,0.9589078742774718
test_970,0.9904005165545449
test_971,0.9915637964862096
test_972,0.9306532142365956
test_973,0.9758109855411063
test_975,0.9892481557615468
test_979,0.9839601613080752
test_980,0.994045007344659
test_983,0.9762362931773091
test_984,0.9884978340873432
test_985,0.9710795150438843
test_986,0.9799734440085498
test_988,0.9315448543778584
test_989,0.970882793728294
test_991,0.961318254533477
test_992,0.937076329257514
test_993,0.9782637178247866
test_997,0.9690495397218805
test_998,0.8994594642188085
test_1002,0.9585216599071814
test_1003,0.9302791655167164
test_1004,0.9638613215450583
test_1005,0.9572035676455922
test_1007,0.587928504695028
test_1009,0.979040761047338
test_1011,0.885741523525133
test_1014,0.9518503794823004
test_1015,0.5668113162184197
test_1016,0.9944599798979188
test_1017,0.6017318685243642
test_1019,0.9748781818364607
test_1020,0.975927298919844
test_1021,0.9660227789147778
test_1022,0.9748123355181625
test_1023,0.9895810675659785
test_1024,0.9599038270011766
test_1025,0.9653874519348746
test_1027,0.9878186531921349
test_1028,0.9680089149297404
test_1029,0.9648063351648413
test_1030,0.9608374744146051
test_1032,0.9714706573627303
test_1034,0.8995070745879721
test_1035,0.9763408989090255
test_1038,0.9752251609830151
test_1039,0.9637936026623287
test_1040,0.938735334994513
test_1041,0.94917554484357
test_1043,0.9743076371618705
test_1044,0.9783791769975936
test_1045,0.9497612422017644
test_1047,0.9624418992704781
test_1048,0.9872413187925551
test_1050,0.971319451101698
test_1051,0.913474315161713
test_1052,0.974253010945093
test_1053,0.9866342801202655
test_1055,0.9683675362513271
test_1056,0.9687737495345973
test_1058,0.982375883305988
test_1059,0.9544533660694042
test_1060,0.9667417783023864
test_1061,0.9726041358236
test_1062,0.9798955922215822
test_1063,0.9716022117928635
test_1064,0.9712549527227451
test_1065,0.980037613349383
test_1066,0.9794574999620708
test_1069,0.9764257880867782
test_1070,0.7686787402044136
test_1074,0.9686983707178403
test_1075,0.9701369415383309
test_1077,0.958124493514315
test_1078,0.9725037796700867
test_1079,0.9547756191222748
test_1080,0.9684233910507054
test_1081,0.9453353525362256
test_1082,0.9643236465167823
test_1083,0.9682887725039273
test_1084,0.9731306968305499
test_1085,0.9725550712669186
test_1086,0.978347342732816
test_1087,0.9695299563931755
test_1088,0.9615911433858996
test_1090,0.9763963333722574
test_1093,0.988941478208261
test_1094,0.9699102924879484
test_1095,0.9568084167135525
test_1096,0.9058104805154634
test_1098,0.9467332461834285
test_1103,0.9769764468683552
test_1104,0.9479379270380727
test_1105,0.9684016248901056
test_1107,0.9422465248594658
test_1108,0.4855838038983009
test_1109,0.9721035665155389
test_1110,0.9734566115731345
test_1111,0.9802444487936351
test_1114,0.9737009136143299
test_1117,0.9002185079989132
test_1118,0.7718678009377827
test_1119,0.9739035089708385
test_1120,0.9793418266039636
test_1121,0.9772853512910997
test_1122,0.950401732635252
test_1123,0.9759853676861879
test_1124,0.9596892536817332
test_1126,0.9432004258145235
test_1127,0.9692949221601866
test_1128,0.9586697116084282
test_1129,0.9655579726547652
test_1133,0.9839743439611206
test_1135,0.9449785763484917
test_1136,0.9770010989115739
test_1137,0.994541409341931
test_1138,0.9822825955672368
test_1139,0.9722756170884602
test_1143,0.9893067514365558
test_1144,0.9702963815020688
test_1145,0.9576526487026463
test_1146,0.9769904640007253
test_1147,0.972829009385087
test_1148,0.9761759040699267
test_1149,0.9743334681376634
test_1150,0.916363262087958
test_1152,0.9825328220389513
test_1153,0.9772391638491609
test_1154,0.9746270142935276
test_1155,0.9387460759704641
test_1156,0.863954969376619
test_1157,0.972088754389154
test_1161,0.9651150278319708
test_1163,0.9644030607137628
test_1164,0.9671919808746859
test_1165,0.9686158585885408
test_1166,0.9655093073987223
test_1167,0.9744506718648822
test_1172,0.9686134007263978
test_1173,0.9769388101152132
test_1174,0.9790780712354216
test_1175,0.9717692512608119
test_1176,0.9732748064092043
test_1178,0.6392196111648962
test_1179,0.9897075069687686
test_1180,0.9712155073973837
test_1181,0.9682748350227277
test_1182,0.9757926607981516
test_1183,0.9705049623984813
test_1184,0.9430480937062062
test_1186,0.9676265901559878
test_1187,0.9905045687090078
test_1188,0.9550300933096196
test_1189,0.9394839476635466
test_1190,0.9755074192527916
test_1192,0.927718044800712
test_1193,0.9488723012247489
test_1194,0.9626838892689857
test_1195,0.9523838432430941
test_1196,0.9469605281849507
test_1197,0.9611642317586654
test_1198,0.8118808890812583
test_1199,0.9875693867364168
test_1200,0.9830645274177642
test_1202,0.9678759134515573
test_1204,0.9212694316141703
test_1205,0.9592992503276818
test_1206,0.9742832858308301
test_1207,0.9663846742667992
test_1208,0.981214509999479
test_1211,0.985428941897273
test_1212,0.9539035276463433
test_1213,0.9653964971643152
test_1214,0.971240272822938
test_1217,0.9777978095605766
test_1219,0.9785941386504453
test_1220,0.9793820111307678
test_1221,0.9693827900978315
test_1223,0.9755118959413678
test_1224,0.9678409079129294
test_1226,0.97466473455399
test_1227,0.9744096591715057
test_1228,0.975963316771097
test_1230,0.6272028333243088
test_1231,0.992505794597893
test_1232,0.9722922006475604
test_1234,0.9925851181215617
test_1237,0.970481891893201
test_1238,0.8730203380116033
test_1241,0.34273881465319755
test_1243,0.8777031211015714
test_1244,0.9594860781137441
test_1249,0.9613888535079261
test_1251,0.9762916193727801
test_1253,0.954701089741064
test_1255,0.6936026399486549
test_1257,0.9780994789098939
test_1259,0.9815760155369062
test_1260,0.6986979936520512
test_1261,0.9571926297913766
test_1262,0.9580690051303918
test_1263,0.9311373308182398
test_1266,0.979687591350881
test_1267,0.8864859315326883
test_1270,0.9443309602899346
test_1271,0.9902721372562846
test_1273,0.9649615498360005
test_1274,0.9731435006442186
test_1275,0.9594758266395902
test_1276,0.9562610145556426
test_1277,0.982951987384191
test_1281,0.9806222050573318
test_1284,0.9142866308440185
test_1287,0.9829842823766602
test_1289,0.9788392456711067
test_1290,0.9791693886148057
test_1293,0.989836219733379
test_1294,0.9695737684836762
test_1295,0.9764365184224457
test_1296,0.9285437643169776
test_1297,0.9377834794126724
test_1298,0.9652716262944138
test_1299,0.958384413736477
test_1301,0.968331883219704
test_1303,0.9706955553532889
test_1305,0.9794162791549733
test_1306,0.9649381624232192
test_1307,0.9778209573352805
test_1308,0.9735904470244083
test_1309,0.9741031328592907
test_1310,0.9466407721797524
test_1311,0.9825058697429503
test_1312,0.9328018016355373
test_1313,0.9857382435340883
test_1314,0.9467864743647794
test_1317,0.9721888743682796
test_1320,0.9706090269787253
test_1323,0.975679575044535
test_1325,0.9712691324437287
test_1326,0.9609186841868469
test_1329,0.9780055944270002
test_1330,0.9729275804732177
test_1332,0.982777576879219
test_1333,0.9513901694014012
test_1334,0.9698744034910626
test_1335,0.9307108596389733
test_1336,0.9523184306045557
test_1337,0.9130853604387443
test_1338,0.9125510783078029
test_1341,0.9837886755493406
test_1342,0.9687459043687069
test_1343,0.9510582953952541
test_1345,0.9721228227794639
test_1348,0.8140427239584718
test_1351,0.9472771961731148
test_1353,0.526615023805515
test_1354,0.9765442252263647
test_1357,0.9731404874918541
test_1358,0.9728464838597459
test_1361,0.9371362676108141
test_1362,0.8914427838204029
test_1363,0.7336001450991784
test_1364,0.9581062173902041
test_1365,0.8106567993399633
test_1366,0.9852113186636828
test_1367,0.9721408624467478
test_1369,0.9604235168964342
test_1371,0.9944613729473867
test_1372,0.9736922755838575
test_1373,0.9797139163205786
test_1375,0.979053628234033
test_1376,0.7184158588375906
test_1379,0.9638745058583239
test_1380,0.9732635325654505
test_1381,0.9955347437863966
test_1382,0.9568428851404605
test_1383,0.97853848541022
test_1384,0.9800442854205642
test_1385,0.9615719453252339
test_1387,0.7947613323357783
test_1388,0.9006622282745133
test_1391,0.9688397770366656
test_1392,0.9748684662722635
test_1393,0.9686055368244825
test_1394,0.9773752119262568
test_1397,0.9892331760372262
test_1399,0.9810420251358022
test_1400,0.9727274740224389
test_1402,0.9705225709827289
test_1403,0.8404804026764064
test_1404,0.959136042888749
test_1407,0.9627803823416006
test_1409,0.9697933068136004
test_1410,0.9690966046035958
test_1413,0.9765251822476589
test_1414,0.9826205424739023
test_1415,0.922049259001089
test_1416,0.9806840809840323
test_1420,0.9731298236201975
test_1421,0.9749231900241592
test_1422,0.9689761987500235
test_1423,0.9700291663223609
test_1424,0.6642223859362641
test_1425,0.9692185891560491
test_1428,0.9591243938417727
test_1430,0.9812646350837537
test_1434,0.9734640104043689
test_1435,0.9538258475340429
test_1436,0.978576165363105
test_1438,0.9672329014845293
test_1440,0.957426824133472
test_1443,0.9751585049485836
test_1444,0.6805381497581204
test_1445,0.9623589529900086
test_1446,0.9493633600476699
test_1447,0.9755766767223416
test_1449,0.9756964653285012
test_1450,0.960134038698388
test_1451,0.9456894237146453
test_1453,0.9672047874697307
test_1454,0.9866537665451285
test_1455,0.9873011316622069
test_1457,0.9749004001242007
test_1458,0.9642769668301288
test_1459,0.9686327008134323
test_1461,0.9644498918534573
test_1464,0.9562926032122506
test_1465,0.960613685340255
test_1466,0.9767269855330065
test_1467,0.9720297521331314
test_1468,0.9717796807613235
test_1469,0.9798088764510341
test_1470,0.8806663250333524
test_1471,0.9942412036353937
test_1472,0.9619987196821502
test_1473,0.936983255168528
test_1474,0.9655640305188009
test_1475,0.9552719560749328
test_1476,0.9682503124729085
test_1477,0.9802373595643838
test_1480,0.9734858088626555
test_1482,0.9304496508082813
test_1483,0.9524380210946766
test_1485,0.9782136742772579
test_1486,0.7575360959589793
test_1489,0.976135149544075
test_1490,0.9897687614287082
test_1492,0.9815076897717665
test_1493,0.9720581815820466
test_1494,0.988517940032638
test_1495,0.9718988690486711
test_1497,0.9524577716353236
test_1501,0.9576068321715258
test_1502,0.9813239713906823
test_1503,0.9697706729066266
test_1505,0.9530305399883285
test_1506,0.9775317805042203
test_1509,0.9711378680317165
test_1512,0.9640854722052024
test_1513,0.9948524075994588
test_1515,0.9793905350778124
test_1516,0.9647429845465937
test_1520,0.9645231790109534
test_1521,0.9638670879311773
test_1523,0.9637385406103242
test_1524,0.9960783797495143
test_1525,0.9772893733629442
test_1526,0.34988429036951985
test_1527,0.0011710447092808441
test_1528,0.9797390700650457
test_1529,0.9498180971037545
test_1530,0.9754188859902946
test_1531,0.9754963665092959
test_1532,0.9834192309317271
test_1533,0.9645450107265182
test_1534,0.9507288599560042
test_1535,0.9631374706264443
test_1537,0.9786006030950607
test_1541,0.9765513215327062
test_1542,0.9819484168312991
test_1544,0.9722293088935412
test_1546,0.96272851499851
test_1548,0.7316922303236864
test_1549,0.8727561454838063
test_1554,0.9828502638272262
test_1555,0.945616213811963
test_1557,0.9704826548097181
test_1559,0.9625331437239313
test_1560,0.9652058913526743
test_1562,0.9667809041274702
test_1563,0.9335973607498431
test_1564,0.9721408624467478
test_1566,0.9615456961439117
test_1567,0.9551826074405244
test_1568,0.9883157984091867
test_1569,0.9546640143590311
test_1570,0.977559776119816
test_1571,0.9798195294261449
test_1572,0.9669787119716328
test_1575,0.9232446480824317
test_1576,0.9752581262422493
test_1577,0.9726287516734928
test_1578,0.08368135747851987
test_1580,0.9704409817565138
test_1581,0.9653711140868179
test_1582,0.9775072869260605
test_1583,0.9684253977731225
test_1586,0.9613328154293388
test_1587,0.6957249296764494
test_1588,0.8958773028529191
test_1592,0.916470947949457
test_1593,0.9816324681590519
test_1595,0.9797954244042443
test_1600,0.9451702695685213
test_1601,0.9572692617619085
test_1602,0.9954823681389976
test_1603,0.9727162447891666
test_1606,0.9765786421133137
test_1607,0.9663706574174672
test_1608,0.9680452309851538
test_1609,0.9449470815385304
test_1610,0.9729357263875233
test_1611,0.9763542296357554
test_1612,0.9699692993506915
test_1613,0.982970699441925
test_1614,0.920760727439831
test_1617,0.9776975475773494
test_1618,0.947789935255038
test_1619,0.9748726826248186
test_1620,0.9694810599860086
test_1621,0.9766319307302975
test_1622,0.9824516327926202
test_1624,0.9866518731750039
test_1625,0.942324108887924
test_1627,0.9608434692850157
test_1628,0.9291592575953944
test_1631,0.9742651674454244
test_1632,0.41429639426420317
test_1634,0.9735511717993691
test_1636,0.9722922974083548
test_1639,0.9735013892796058
test_1641,0.9714316545193935
test_1643,0.8839031720405116
test_1646,0.9545785509074722
test_1648,0.9527076008883315
test_1649,0.9864314963192379
test_1650,0.9839128089301165
test_1652,0.9518745761868711
test_1653,0.9631859494066715
test_1655,0.9733154669768579
test_1657,0.9329618873526069
test_1658,0.9663803059672984
test_1659,0.7897442756614659
test_1660,0.8730083115992049
test_1661,0.9706127799768336
test_1662,0.9736094864244386
test_1663,0.9974746963662068
test_1664,0.9876179786039799
test_1665,0.969950003319776
test_1666,0.9713872545983754
test_1667,0.9744539567645141
test_1669,0.9902690099687151
test_1670,0.9776678874701134
test_1671,0.9648493714408026
test_1672,0.9787764967160518
test_1674,0.9591950630556575
test_1677,0.9930411155311761
test_1678,0.9695590510134601
test_1679,0.9692392626429895
test_1681,0.9834641265287035
test_1683,0.9713537973532472
test_1684,0.976373360675043
test_1685,0.9579831075242038
test_1687,0.9468735658984536
test_1688,0.9182134681211829
test_1690,0.9630622189103609
test_1692,0.8897065160728156
test_1696,0.9736914482889997
test_1697,0.9680326028619664
test_1698,0.843707834859738
test_1699,0.9822471375270067
test_1704,0.976933985560021
test_1705,0.9743269810257511
test_1707,0.973978431067297
test_1708,0.9802085376647038
test_1709,0.9753457435373104
test_1710,0.9319415081978049
test_1712,0.9666549303661128
test_1713,0.9393667067842065
test_1715,0.9492126066970523
test_1716,0.9768082817811542
test_1717,0.9642440238804135
test_1721,0.9732691630853442
test_1723,0.9468594049899344
test_1724,0.9441706536261641
test_1725,0.9755002420576906
test_1726,0.9261476109055975
test_1727,0.9759806716464869
test_1728,0.9491768627694747
test_1729,0.9999877146331824
test_1730,0.9680698858357027
test_1731,0.9768223751386045
test_1733,0.9723668148687882
test_1734,0.9573317568319447
test_1735,0.7116419102688
test_1736,0.9579121599721022
test_1737,0.2623487518016339
test_1738,0.5573589123328393
test_1740,0.9773888412869118
test_1743,0.9915006225255162
test_1744,0.9860024984130789
test_1745,0.9508111381101634
test_1747,0.9532977728855719
test_1748,0.9831313256448782
test_1750,0.9661652973533766
test_1751,0.9678727102596208
test_1752,0.987482075419948
test_1753,0.9904505247319033
test_1754,0.9727363145113883
test_1756,0.9627681395068501
test_1757,0.9279730789955118
test_1759,0.9505260726859182
test_1760,0.940291645704194
test_1762,0.9699498070449332
test_1763,0.9643499491497438
test_1764,0.9613529563764334
test_1765,0.9699706609850408
test_1766,0.9754846677194178
test_1767,0.7605186839088106
test_1768,0.9896914993405511
test_1769,0.9457209018554679
test_1771,0.9617800575807007
test_1772,0.7036380541661827
test_1773,0.9651112659865695
test_1774,0.9436910608437141
test_1775,0.968616641053988
test_1776,0.9760964894692844
test_1777,0.9771194012276327
test_1779,0.9606601597258424
test_1781,0.9307922867963077
test_1784,0.9615147863118458
test_1785,0.986288293026447
test_1786,0.9742016789313162
test_1787,0.9692953895448627
test_1788,0.9656401638279456
test_1790,0.9687681323653208
test_1792,0.9800151438490724
test_1794,0.9573420178105806
test_1795,0.9776700096365154
test_1797,0.9861820224355232
test_1799,0.973131479222212
test_1804,0.9784290464644487
test_1806,0.9800723062405728
test_1808,0.9706913765834151
test_1809,0.9659277529213799
test_1811,0.973303481272114
test_1812,0.9810962091249888
test_1813,0.9848292087162174
test_1814,0.9678734231803493
test_1815,0.9737757047482157
test_1816,0.9665969334660902
test_1818,0.9443458096643625
test_1819,0.969563715338812
test_1820,0.9524304760773544
test_1821,0.9832094107364788
test_1823,0.6191043340025628
test_1824,0.9486436264770246
test_1825,0.9724423847477748
test_1827,0.9747592490824196
test_1828,0.9440738536024798
test_1829,0.9678802687857953
test_1830,0.8266303502174214
test_1831,0.9537695843999283
test_1832,0.9777401234209644
test_1833,0.9718969705503784
test_1836,0.09436364633267157
test_1837,0.9762708965745471
test_1838,0.9645154006818302
test_1840,0.9776584671394606
test_1841,0.9702711081874013
test_1843,0.9909764616810398
test_1844,0.9724920149808203
test_1846,0.981617994553565
test_1847,0.9703293418243095
test_1848,0.9560727422803519
test_1850,0.9551385556625998
test_1851,0.9792883220441648
test_1852,0.9749082015296513
test_1853,0.9899114906750823
test_1854,0.9447625102161965
test_1856,0.9822859062480417
test_1858,0.9697554371197853
test_1860,0.9835112087945247
test_1864,0.9744241701401761
test_1866,0.9579245587617237
test_1867,0.9622860678875382
test_1868,0.9760707776867615
test_1870,0.9545213994368251
test_1872,0.9843909755238617
test_1873,0.9890445302121905
test_1874,0.9750655336808387
test_1876,0.9312872034368517
test_1877,0.9761010996989298
test_1878,0.9238531276020439
test_1879,0.5609167178232474
test_1880,0.9415318893411052
test_1882,0.9888169519009614
test_1886,0.9635697282346979
test_1887,0.993270655381574
test_1888,0.9773459424476281
test_1892,0.9557336490603198
test_1896,0.9631950823968937
test_1897,0.9667931116166628
test_1898,0.9681394549517097
test_1899,0.9872950887304262
test_1900,0.9425010644749432
test_1902,0.9737821701689336
test_1904,0.9544053073997693
test_1905,0.9725653827742929
test_1906,0.9554382382052006
test_1907,0.990765192961928
test_1909,0.9885004728366195
test_1911,0.9623040867852054
test_1914,0.9820677467841277
test_1915,0.9698009878969744
test_1918,0.9269995898964137
test_1921,0.9784781056283118
test_1922,0.9354200046176119
test_1927,0.9860559748086432
test_1928,0.955193876623721
test_1930,0.9620227176897738
test_1931,0.9380128607415176
test_1932,0.9821299016654107
test_1933,0.9772598473211507
test_1934,0.9823434320478802
test_1935,0.9752473968240742
test_1937,0.9563957258173086
test_1938,0.9870704828327993
test_1939,0.9747425730790878
test_1941,0.9841691476346361
test_1942,0.493487133888838
test_1943,0.9630962563563863
test_1945,0.9838031113712983
test_1946,0.8760972664805345
test_1947,0.9961031858443132
test_1948,0.9589447996219701
test_1949,0.9671823513850134
test_1951,0.9720621595837238
test_1952,0.9687908755080848
test_1954,0.9726282786554687
test_1955,0.9604676983934917
test_1956,0.966042232352296
test_1957,0.9756718588777382
test_1959,0.9699575397029863
test_1960,0.8233074734847298
test_1961,0.9792925252113073
test_1967,0.9820252076078622
test_1969,0.9670626438600938
test_1970,0.9625507356921018
test_1971,0.961349826548709
test_1972,0.9790280279710836
test_1973,0.9656119807610352
test_1975,0.7978940414250765
test_1976,0.9651438701337917
test_1977,0.9747100791156866
test_1978,0.9747425503797632
test_1979,0.9442588934502488
test_1980,0.9890943636947742
test_1982,0.9064883054248122
test_1983,0.9202477100542357
test_1984,0.9954132678406868
test_1985,0.9638321803467386
test_1986,0.9898901153031135
test_1987,0.9697604525143365
test_1988,0.9720525969366548
test_1989,0.9641474394294461
test_1990,0.9762795493931411
test_1991,0.9741079600011308
test_1992,0.8299932157492151
test_1993,0.9512411550581388
test_1994,0.9670145158252247
test_1996,0.945416218653265
test_1999,0.9745930255860603
test_2000,0.9662118490380326
test_2002,0.9495222616706309
test_2004,0.9776615864940862
test_2005,0.7828869383217215
test_2007,0.9748740613151834
test_2010,0.9738937836829307
test_2011,0.6070161608340473
test_2012,0.9161259150689809
test_2014,0.9881584195794062
test_2015,0.9701527904800953
test_2016,0.9765895844691111
test_2017,0.9752029210709645
test_2018,0.9706788208507802
test_2019,0.961449132300758
test_2020,0.9719328140804487
test_2021,0.9694062384463653
test_2022,0.9759758065823938
test_2023,0.975373827231194
test_2024,0.9278405369391092
test_2026,0.9493736295965939
test_2027,0.9461239341737224
test_2028,0.9868676253943641
test_2030,0.9788914068985031
test_2031,0.9903282895282685
test_2032,0.9377394757525419
test_2034,0.9802902794794668
test_2035,0.9566458331907804
test_2036,0.975036313269898
test_2037,0.5059587041791644
test_2038,0.9669451584644038
test_2039,0.9518256006490275
test_2041,0.9783669174136812
test_2043,0.9827400836208036
test_2044,0.9802914774656017
test_2046,0.9809133676493736
test_2049,0.9453198203033785
test_2051,0.9736230405744142
test_2052,0.8678030626816178
test_2053,0.9782766727868992
test_2054,0.9938319859398663
test_2055,0.9532987856412062
test_2058,0.5962589365062736
test_2060,0.7709690231740305
test_2061,0.9512858560915969
test_2063,0.9829495682198401
test_2064,0.9647307753758002
test_2065,0.9710343151342102
test_2066,0.9576242351177027
test_2070,0.737816057366668
test_2071,0.9712157685835124
test_2073,0.9728194163586189
test_2074,0.9732825006231234
test_2076,0.9740222374050618
test_2077,0.9600630629675094
test_2078,0.9636882075660265
test_2079,0.972566426062015
test_2080,0.9867159255821853
test_2081,0.9776779826775757
test_2082,0.9494807599189514
test_2084,0.9320922129639782
test_2086,0.9766964895112233
test_2087,0.9271582682005249
test_2088,0.9679380430705595
test_2093,0.9873025065991377
test_2094,0.9683365027554847
test_2095,0.9615786638948891
test_2096,0.9830607384065397
test_2097,0.9724552520510097
test_2098,0.6177104302487395
test_2099,0.9732144799996165
test_2100,0.971081538360592
test_2101,0.9188940774845228
test_2102,0.975388564768495
test_2104,0.9749029501437748
test_2106,0.957631034040639
test_2111,0.9954675209653182
test_2113,0.9842065861586071
test_2114,0.9729002556983127
test_2116,0.967468685078198
test_2117,0.9762577340113685
test_2119,0.9759526832147604
test_2121,0.9518784304365128
test_2122,0.9737732183911317
test_2124,0.8962954589888682
test_2125,0.9586400220323842
test_2126,0.9495082720817112
test_2127,0.9547076572223395
test_2128,0.9757118421483517
test_2129,0.8985922430094478
test_2130,0.9619919989864981
test_2131,0.9828028850504721
test_2133,0.9591527090206585
test_2134,0.9681941713567697
test_2135,0.9828893284724439
test_2138,0.9527231619427277
test_2139,0.8719118755124264
test_2140,0.9460661716738249
test_2141,0.9763110687590569
test_2143,0.9778178605048614
test_2145,0.9155419947443173
test_2147,0.7459978080535479
test_2148,0.9611385495991841
test_2151,0.9736216386650839
test_2153,0.9584471403464061
test_2155,0.9694671836211018
test_2157,0.9527095910719667
test_2158,0.9494727188414851
test_2159,0.9551545545822508
test_2160,0.974270119917526
test_2161,0.8726634278383252
test_2162,0.973785695385458
test_2163,0.9758416916449034
test_2164,0.9638604474909127
test_2166,0.9798651923849899
test_2168,0.9748726826248186
test_2169,0.5742325541807315
test_2170,0.9568739062893015
test_2172,0.9681871811515464
test_2173,0.9128815466518995
test_2174,0.9629605092189796
test_2176,0.9680445362960898
test_2177,0.9575616186941831
test_2179,0.9625019487053507
test_2180,0.46226991514583426
test_2181,0.9674559991433143
test_2182,0.9627367421547306
test_2183,0.9629430478902189
test_2186,0.9705072653642288
test_2187,0.9728148700838988
test_2188,0.9673866672285482
test_2189,0.9702702570140771
test_2190,0.9999999399438546
test_2192,0.958136109772229
test_2193,0.9791488824643052
test_2195,0.9757766776995065
test_2197,0.9806772076628901
test_2198,0.9542341169211036
test_2199,0.9696848725571194
test_2200,0.9666073200538184
test_2202,0.9593673512450503
test_2203,0.9805624719338427
test_2206,0.9189285908070703
test_2207,0.9912907217489673
test_2209,0.9753961507421846
test_2211,0.9765443986654274
test_2213,0.9713766249594566
test_2214,0.9506567390666163
test_2215,0.9640961172866049
test_2216,0.9827970834365648
test_2218,0.9714050413839507
test_2219,0.974889657191522
test_2220,0.9852562315696135
test_2221,0.9825939465712838
test_2222,0.9823023126461734
test_2224,0.9770266951542007
test_2226,0.9729124511574497
test_2227,0.9521314242725742
test_2228,0.9839126974272007
test_2229,0.9853217431430471
test_2230,0.9563079483948985
test_2231,0.9513006128955829
test_2233,0.9338067081495119
test_2234,0.9761052181383653
test_2235,0.973786527902114
test_2236,0.9893327581730853
test_2237,0.9873886314668676
test_2239,0.9702657975354374
test_2241,0.9732017050376037
test_2242,0.9701641038478431
test_2245,0.9730922430720172
test_2246,0.9815256804898348
test_2247,0.9743031880837666
test_2249,0.9771350995193815
test_2251,0.9676259562893845
test_2252,0.975320499963793
test_2254,0.9764540486662352
test_2255,0.9828388123555041
test_2256,0.9730620224991603
test_2259,0.9721551397976687
test_2260,0.9068362963708059
test_2261,0.9331928826486954
test_2264,0.9692303557935333
test_2265,0.9844533136632021
test_2266,0.9541957146313307
test_2267,0.9707845170898931
test_2268,0.9744197355248442
test_2270,0.985173444894732
test_2273,0.9740492952931273
test_2274,0.8599364752854849
test_2275,0.9720942855756397
test_2278,0.9752005125422274
test_2279,0.9759579472428261
test_2280,0.9677081783321084
test_2282,0.97463798799027
test_2283,0.9788982553038215
test_2285,0.9999976514805887
test_2287,0.9573337560290266
test_2290,0.9721045525989811
test_2293,0.9671546347692672
test_2295,0.9676392635343154
test_2299,0.9732079756851523
test_2300,0.9669784331795325
test_2302,0.9915425401068515
test_2303,0.9768353824236192
test_2306,0.9334939056835638
test_2309,0.9750645232882543
test_2312,0.9642956063628455
test_2314,0.9736380660769459
test_2315,0.984722054264144
test_2316,0.9811622000061054
test_2317,0.9719325367593065
test_2319,0.9999867382069886
test_2320,0.9558311829003031
test_2322,0.946376088722374
test_2323,0.9951603106831035
test_2326,0.8664281324141265
test_2328,0.9782138297922596
test_2330,0.9867798630117812
test_2332,0.9569705601627982
test_2333,0.9762450585071574
test_2334,0.9889489666508087
test_2335,0.9714179544847361
test_2337,0.9754998420970478
test_2338,0.971940436082142
test_2339,0.9724484533268625
test_2340,0.7163448694245415
test_2341,0.973584122992349
test_2343,0.9419935651810968
test_2344,0.9613569111125025
test_2345,0.9947193825945178
test_2346,0.9974520000018515
test_2348,0.9722630048268729
test_2349,0.9661427132742101
test_2352,0.9768486217578618
test_2353,0.8878761154680512
test_2354,0.9713582949230024
test_2356,0.9912217379119103
test_2357,0.9595026741749989
test_2358,0.979671519565234
test_2362,0.9625060438425844
test_2364,0.9606095910951469
test_2365,0.9745784207637072
test_2367,0.990391403927648
test_2368,0.7975566432411275
test_2371,0.7657550114601814
test_2373,0.9830171584591695
test_2374,0.9380904353213287
test_2375,0.9616221737938072
test_2377,0.9738937836829307
test_2378,0.9737795118092692
test_2379,0.9729068140950479
test_2380,0.9610807472699142
test_2381,0.9801751313060152
test_2382,0.970356200667414
test_2385,0.9688293934649823
test_2386,0.963845468599496
test_2389,0.9816728423193779
test_2390,0.9539029591066827
test_2391,0.9765452683684823
test_2393,0.9696014461177261
test_2394,0.914299265891887
test_2396,0.9730043588389018
test_2400,0.9961501223704007
test_2401,0.9784508032863715
test_2402,0.9964688618497184
test_2404,0.9763500204384353
test_2405,0.9267318325754895
test_2406,0.9719731369073111
test_2407,0.5
test_2409,0.9953812126605002
test_2410,0.9566471384976968
test_2412,0.7412252646806462
test_2413,0.9693523167898299
test_2414,0.9210249054400347
test_2416,0.9623285773276367
test_2417,0.991522204393211
test_2418,0.9756209475712544
test_2420,0.961196396755148
test_2423,0.9725066045433997
test_2424,0.6286362580315301
test_2425,0.6403999439130746
test_2426,0.9691915207851018
test_2428,0.9651432139131312
test_2429,0.9684604452483734
test_2430,0.971673709663478
test_2431,0.9804959210509335
test_2433,0.9884277665043605
test_2434,0.98670705317118
test_2435,0.985285452994893
test_2436,0.9714689517654159
test_2437,0.9760603022741265
test_2438,0.8863927279027228
test_2439,0.9631650955676008
test_2440,0.9625876679033943
test_2441,0.9812474705279074
test_2443,0.9391918408250016
test_2444,0.9706653825244534
test_2446,0.839177708281574
test_2447,0.9701304281096417
test_2448,0.9706790624461765
test_2449,0.9903861214414316
test_2450,0.966501605485321
test_2451,0.9740039732512392
test_2452,0.974592323538037
test_2453,0.9832639740250323
test_2454,0.9842568182747838
test_2455,0.9854129844739913
test_2456,0.989851862229818
test_2457,0.9852804719422946
test_2458,0.9647297691609106
test_2459,0.9560877095714594
test_2460,0.9660119056132392
test_2462,0.974554981290994
test_2464,0.9718339476328436
test_2468,0.9636383980199145
test_2470,0.967021391366547
test_2471,0.9611160385075592
test_2473,0.9675473664217004
test_2475,0.9561319913709014
test_2476,0.9695066498980087
test_2477,0.9767269855330065
test_2481,0.9005383845757859
test_2482,0.9441715471689142
test_2484,0.9897025254943039
test_2485,0.980739756563816
test_2486,0.9779608360417005
test_2487,0.9649305363030558
test_2489,0.9631024895311413
test_2492,0.9953106347695851
test_2493,0.9777722270830054
test_2494,0.9829245778552375
test_2495,0.9720702274134132
test_2496,0.9864631123543462
test_2497,0.9724751074876826
test_2499,0.9900583319604
test_2500,0.970130107381161
test_2502,0.9676363551457571
test_2503,0.9701406093875282
test_2504,0.9710314959784216
test_2505,0.9618026858580315
test_2506,0.9830147584319086
test_2509,0.679623562764954
test_2510,0.9692564114817104
test_2511,0.9731262607549251
test_2513,0.9817369239741316
test_2516,0.9527980069466853
test_2517,0.9750523218616647
test_2518,0.9682485744819971
test_2520,0.9576899259287464
test_2523,0.975685625887639
test_2524,0.9902529068205047
test_2525,0.9493616570852585
test_2528,0.9495463852375257
test_2531,0.9374160365526936
test_2532,0.9618897157181244
test_2533,0.9775225702238786
test_2534,0.870815631978797
test_2535,0.9466221329802205
test_2537,0.9552814190983921
test_2540,0.9757964729770807
test_2541,0.0013327010484778347
test_2542,0.9790702267299456
test_2544,0.9699535720414361
test_2545,0.9878671141511829
test_2547,0.9885653734510502
test_2549,0.9756501383232081
test_2553,0.9818224238518464
test_2556,0.982083232054099
test_2557,0.9703252789031835
test_2558,0.9854304005128082
test_2560,0.5917093887684477
test_2561,0.9787365735677012
test_2562,0.9810624504739274
test_2563,0.9764810542250733
test_2564,0.971049377990065
test_2565,0.9696476422112731
test_2566,0.9853838024138978
test_2567,0.9778572164851475
test_2571,0.9557059118392333
test_2572,0.9443712649076751
test_2574,0.9700003944490838
test_2575,0.9821812184988328
test_2576,0.9774069144479788
test_2577,0.9876678479623945
test_2578,0.9726236684340608
test_2579,0.9598262274543264
test_2581,0.9704686167078989
test_2582,0.9739057004170175
test_2583,0.9560489537163226
test_2584,0.9725915174663928
test_2585,0.9562461584390733
test_2586,0.9719230590671443
test_2587,0.9722196697750862
test_2588,0.9968278018991352
test_2590,0.968981038827718
test_2593,0.9621035967536037
test_2595,0.9780147552464183
test_2596,0.9742931242433307
test_2597,0.9339862148778437
test_2598,0.97139900178981
test_2600,0.963522144405549
test_2602,0.9890628487975138
test_2603,0.9503867929007206
test_2604,0.9604377622062922
test_2605,0.9805670452064699
test_2606,0.9724751074876826
test_2608,0.9666163641885056
test_2610,0.9825184303367674
test_2611,0.9910578053563888
test_2612,0.9476832779842126
test_2613,0.9688037458479098
test_2614,0.963910221093034
test_2616,0.9967574898518318
test_2617,0.9430413875129086
test_2620,0.9960598481085648
test_2623,0.9678583520056884
test_2624,0.9663496714700568
test_2625,0.9666111226205263
test_2626,0.990701690297021
test_2629,0.9750388966293582
test_2632,0.6398518154125064
test_2634,0.9748717489499864
test_2635,0.9807071455421493
test_2638,0.9637323821495234
test_2639,0.8291755681583914
test_2640,0.699396611223072
test_2641,0.9596015152838039
test_2642,0.9763365903559837
test_2643,0.9701355588055327
test_2646,0.9524765949479541
test_2648,0.9569133176002333
test_2649,0.9598467818866628
test_2651,0.8853130335298047
test_2652,0.9734368961043787
test_2653,0.9832098608014558
test_2654,0.9025079490895864
test_2656,0.978409479117025
test_2659,0.958678448352486
test_2662,0.990405646359479
test_2663,0.9893723583802639
test_2664,0.9765376569302004
test_2665,0.9647522860503137
test_2669,0.9907376100482047
test_2671,0.9848344806587214
test_2673,0.9728735660214589
test_2676,0.9589174010884776
test_2677,0.9701082881679781
test_2678,0.9762446793556546
test_2681,0.9506924517127483
test_2682,0.9697542929598637
test_2683,0.9730458210421445
test_2685,0.9500964207589905
test_2686,0.6929176498920074
test_2687,0.976216768666135
test_2689,0.9899283339662796
test_2693,0.9796329561656714
test_2694,0.9680032734263565
test_2696,0.9708888375323615
test_2699,0.9802010210838429
test_2700,0.9189748473523233
test_2701,0.9722573579161433
test_2702,0.9730995647308904
test_2703,0.9792745378040159
test_2704,0.9734429307186528
test_2705,0.9744290426098615
test_2707,0.9651995221927873
test_2708,0.9933207557031573
test_2709,0.9827512851115392
test_2710,0.9719780263881965
test_2711,0.9782253866910097
test_2712,0.9834781875642598
test_2713,0.9683557033474011
test_2714,0.9533134451637488
test_2715,0.9680382450616789
test_2716,0.9711985856081753
test_2717,0.9653526665302535
test_2718,0.9760431326623946
test_2721,0.9533060809413937
test_2722,0.9656017613876806
test_2723,0.9615911433858996
test_2724,0.9740735101783693
test_2725,0.9468495368697593
test_2726,0.9733160382837109
test_2727,0.9756282814972312
test_2728,0.9690274052269456
test_2729,0.9821490858734475
test_2731,0.9691542125495165
test_2732,0.9777427954319753
test_2733,0.9752346578383956
test_2735,0.9546803761048576
test_2736,0.9103836564432352
test_2739,0.9712919115428628
test_2740,0.9531979186084156
test_2741,0.9624653408905208
test_2742,0.9595822008331266
test_2743,0.9046272194211396
test_2746,0.970781657723773
test_2748,0.949133922333113
test_2749,0.9686002196048337
test_2750,0.9697040613469214
test_2751,0.9784823357180523
test_2752,0.9744425688397635
test_2753,0.900624984345835
test_2754,0.9788517758115963
test_2755,0.9664272193679405
test_2756,0.9826928514871162
test_2757,0.9634258912451953
test_2758,0.9787305281569828
test_2759,0.9427796352633234
test_2761,0.09347984567092944
test_2762,0.9754217135381119
test_2766,0.9869028638038227
test_2772,0.9908034626972384
test_2773,0.647691906065451
test_2774,0.9279864953847121
test_2775,0.9595408849301661
test_2776,0.9765758193909029
test_2780,0.9700705694573694
test_2782,0.942186416702935
test_2783,0.9543446707663614
test_2784,0.9823445120543802
test_2785,0.9698020474029542
test_2787,0.9805298978642161
test_2788,0.9855702422572021
test_2789,0.9943786912077673
test_2791,0.9604133516463712
test_2792,0.9801000570410515
test_2794,0.9712456365126656
test_2795,0.969371184914847
test_2796,0.9754243460601772
test_2798,0.714422251210037
test_2800,0.9410329588459734
test_2801,0.980494923313516
test_2802,0.9754805617393176
test_2804,0.9729602074614305
test_2805,0.9691430683442436
test_2809,0.946235908846721
test_2813,0.9498620425369027
test_2816,0.9613243796365497
test_2819,0.999982334274466
test_2820,0.9808874336392658
test_2821,0.9723226332383694
test_2823,0.9659834607652373
test_2824,0.9829412187446677
test_2825,0.9604013696117425
test_2826,0.9667547782607097
test_2827,0.5964733407922348
test_2829,0.9792326971834736
test_2830,0.9684038839365157
test_2831,0.9648181476490642
test_2832,0.9844549564911238
test_2833,0.9433867360094649
test_2834,0.9660000715367059
test_2838,0.9737491206684087
test_2839,0.7349403787506242
test_2840,0.9574852337598004
test_2842,0.9467377297367854
test_2843,0.9693937805155496
test_2845,0.9343440876526047
test_2846,0.9734660141151789
test_2848,0.9924608747122066
test_2849,0.984569532294653
test_2851,0.9575799305255536
test_2852,0.9962403237212233
test_2853,0.9781353626367133
test_2854,0.96768824296501
test_2855,0.9495062162206024
test_2856,0.9854569813925284
test_2857,0.9407365682028835
test_2858,0.9693956270794706
test_2860,0.9729310699299429
test_2861,0.9911099600159828
test_2862,0.9684514687112329
test_2864,0.003362238473745627
test_2866,0.9805509093344981
test_2867,0.9886230835687757
test_2874,0.9642918050469417
test_2875,0.9783774524158875
test_2876,0.9321044184058552
test_2877,0.9578660701614055
test_2879,0.814099974512693
test_2880,0.9589345794252944
test_2881,0.9608545074082646
test_2882,0.5101818969952239
test_2883,0.9608872127161437
test_2884,0.9872691148161896
test_2885,0.957299902912571
test_2886,0.9801978223848972
test_2888,0.97089841957777
test_2889,0.9727997908857093
test_2890,0.984380020330668
test_2893,0.9672110216909586
test_2894,0.9809629838875319
test_2895,0.9910431056799786
test_2896,0.9719345720896377
test_2897,0.9607113103997521
test_2899,0.9779222224356802
test_2900,0.9690877527848492
test_2901,0.9729187464630611
test_2902,0.9709004373897752
test_2905,0.9629650617015856
test_2906,0.9674527054181066
test_2907,0.9498761838589714
test_2910,0.9827425903057121
test_2911,0.9776874023093699
test_2912,0.9701279610270072
test_2913,0.9907842239446093
test_2914,0.9715889023204843
test_2916,0.9632490454725255
test_2917,0.970918644101511
test_2918,0.8350133328698626
test_2920,0.9765133266361161
test_2921,0.9640204871419727
test_2924,0.9774003752034095
test_2925,0.9676872806462012
test_2926,0.5476687661253982
test_2927,0.9744603534527096
test_2929,0.9611031403122786
test_2930,0.969969473404719
test_2931,0.9647471321732419
test_2932,0.967495526526475
test_2934,0.97820664831083
test_2936,0.9828945252354242
test_2937,0.9791236839702733
test_2940,0.9870106344695161
